horizon_months,n_total,n_usable,n_complete,n_delisted,n_insufficient,n_missing,bhar_mean,bhar_median,bhar_std,bhar_skew,pct_underperform
3,13,13,13,0,0,0,-0.1428895492791529,-0.22658307821866264,0.6723136367807961,1.9849582602142222,0.7692307692307693
6,13,13,13,0,0,0,0.18108847877345677,-0.793515369372551,2.24030502578824,3.0848958654783636,0.6923076923076923
12,13,13,13,0,0,0,-0.872911657508946,-0.9940564601646832,0.32717297265272377,1.505788764678977,1.0
24,13,0,0,0,13,0,,,,,
